,ROC_AUC,PR_AUC
Normal,0.9976735617213073,0.9974964692372793
SQLi,0.9976745746817048,0.9969954078541547
Emotet,0.9998291392951201,0.9973670725868493
