Fold,Macro_F1
1,0.9723754127651111
2,0.973027935429735
3,0.9823934612263786
4,0.9553792060814005
5,0.9674264950510582
