,ROC_AUC,PR_AUC
Normal,0.9997112895599204,0.9998130521929153
SQLi,0.9997250111376493,0.9995193396248442
Emotet,0.9999859184018325,0.997403346365284
