,precision,recall,f1-score,support
Normal,0.9910793933987511,0.9937388193202147,0.9924073246985261,4472.0
SQLi,0.9907448215072719,0.9876977152899824,0.9892189218921892,2276.0
Emotet,0.9838337182448037,0.9726027397260274,0.9781859931113662,438.0
accuracy,0.990537155580295,0.990537155580295,0.990537155580295,0.990537155580295
macro avg,0.9885526443836089,0.9846797581120748,0.9866040799006939,7186.0
weighted avg,0.9905317881465334,0.990537155580295,0.9905306550600068,7186.0
