Model,Macro_F1,F1_Normal,F1_SQLi,F1_Emotet
Logistic Regression,0.78570108217095,0.9324623818966523,0.9235019124521887,0.5011389521640092
Random Forest,0.9702913967914927,0.9937472085752568,0.9912010558732952,0.9259259259259259
