Fold,Macro_F1
1,0.9893525051474218
2,0.9886870672898643
3,0.985627008651128
4,0.9901543232535067
5,0.9856422800750476
