feature,importance
Constant Value Count,0.453362101033139
Parentheses Count,0.20528557052986596
Sentence Length,0.11235915514710902
AND Count,0.043491844073037016
Double Quote Count,0.04293337474812383
Single Quote Count,0.04167848531265738
UNION Count,0.03744051826471043
OR Count,0.03617273431398209
Special Characters Total,0.027276216577375292
