{
    "accuracy": 0.997716894977169,
    "classification_report": {
        "Normal": {
            "precision": 1.0,
            "recall": 0.9931506849315068,
            "f1-score": 0.9965635738831615,
            "support": 438.0
        },
        "SQLi": {
            "precision": 1.0,
            "recall": 1.0,
            "f1-score": 1.0,
            "support": 438.0
        },
        "Emotet": {
            "precision": 0.9931972789115646,
            "recall": 1.0,
            "f1-score": 0.9965870307167235,
            "support": 438.0
        },
        "accuracy": 0.997716894977169,
        "macro avg": {
            "precision": 0.9977324263038548,
            "recall": 0.997716894977169,
            "f1-score": 0.9977168681999616,
            "support": 1314.0
        },
        "weighted avg": {
            "precision": 0.9977324263038548,
            "recall": 0.997716894977169,
            "f1-score": 0.9977168681999616,
            "support": 1314.0
        }
    }
}